file_path,func_name,has_CWE,cwe_id,analyzer_message,analyzer_type,line_range
async.c,callbackKeyDestructor,False,,"The function simply frees a key using sdsfree, which is a standard deallocation function for SDS strings. No obvious vulnerability is present in this isolated context.",LLM_ANALYSIS,87-90
async.c,redisAsyncSetConnectCallback,False,,The function simply forwards arguments to redisAsyncSetConnectCallbackImpl without any unsafe operations. No vulnerability detected.,LLM_ANALYSIS,252-254
async.c,callbackKeyCompare,False,,"The function compares two SDS strings by length and then uses memcmp on the full length. Since SDS strings are null-terminated and the length is explicitly checked, this is safe.",LLM_ANALYSIS,77-85
async.c,__redisSetError,False,,"The function declaration itself does not contain any implementation or logic that could introduce a vulnerability. It only declares a function signature with parameters (redisContext pointer, int, const char*).",LLM_ANALYSIS,57-58
alloc.c,hi_free,False,,"The function simply calls a free function pointer from a global structure. Without additional context, this is not inherently vulnerable.",LLM_ANALYSIS,86-88
async.c,__redisAsyncCopyError,False,,The function copies the error state from the underlying redisContext to the redisAsyncContext. This is a common pattern and does not introduce a direct vulnerability.,LLM_ANALYSIS,163-170
async.c,callbackValDestructor,False,,The function simply frees the provided pointer. No vulnerability is apparent without additional context.,LLM_ANALYSIS,92-95
alloc.c,hiredisResetAllocators,False,,The function assigns a set of standard memory allocation functions to a global structure. No security vulnerability is apparent in this code snippet.,LLM_ANALYSIS,54-62
async.c,__redisPushCallback,True,CWE-457,"[CWE-457] The function allocates memory for a callback and copies the source into it, but if source is NULL, the allocated memory is left uninitialized and then added to the list. This can lead to use of uninitialized memory when the callback is later accessed, potentially causing undefined behavior or memory",LLM_ANALYSIS,269-289
async.c,redisAsyncSetConnectCallbackNC,False,,The function simply forwards a callback to another function. No obvious security vulnerability is present in this code snippet.,LLM_ANALYSIS,256-258
async.c,__redisRunPushCallback,True,CWE-248,"[CWE-248] The function sets the REDIS_IN_CALLBACK flag before invoking the push callback and clears it after. However, if the callback function (ac->push_cb) throws an exception or causes a longjmp, the flag will not be cleared, leaving the context in an inconsistent state.",LLM_ANALYSIS,316-322
async.c,redisAsyncSetDisconnectCallback,True,CWE-476,"[CWE-476] The function does not check if the input pointer 'ac' is NULL before dereferencing it, which could lead to a NULL pointer dereference if a NULL context is passed. This is a potential denial of service or crash vulnerability.",LLM_ANALYSIS,260-266
async.c,__redisShiftCallback,True,CWE-787,"[CWE-787] The function copies a callback from the heap to a stack-allocated structure using memcpy. If the target pointer is not NULL but points to a buffer smaller than sizeof(redisCallback), this can cause a buffer overflow.",LLM_ANALYSIS,291-305
async.c,__redisRunConnectCallback,True,CWE-476,"[CWE-476] The function dereferences ac without checking for NULL, which could lead to a NULL pointer dereference if ac is NULL. Additionally, the function invokes callbacks (onConnect/onConnectNC) without validating that they are safe to call, but the main issue is the missing NULL check on the ac pointer.",LLM_ANALYSIS,324-345
async.c,__redisRunCallback,False,,"The function sets the REDIS_IN_CALLBACK flag before invoking the callback and clears it after. However, if the callback function (cb->fn) throws an exception or longjmps (in C) or if the callback itself triggers an error that causes the function to exit early (e.g., via longjmp or if the callback de",LLM_ANALYSIS,307-314
async.c,__redisRunDisconnectCallback,True,CWE-476,"[CWE-476] The function dereferences 'ac' without checking for NULL, which could lead to a NULL pointer dereference if 'ac' is NULL. Additionally, the logic for handling the REDIS_IN_CALLBACK flag is flawed: in the else branch, it calls onDisconnect without setting the flag, which could lead to reentrancy or a",LLM_ANALYSIS,347-359
async.c,redisAsyncFree,False,,The function sets the REDIS_FREEING flag and then calls __redisAsyncFree only if the context is not in a callback. This appears to be a safe pattern to defer freeing during callbacks.,LLM_ANALYSIS,415-424
async.c,__redisAsyncDisconnect,True,CWE-476,"[CWE-476] The function dereferences the pointer 'ac' without checking if it is NULL. If 'ac' is NULL, this will cause a NULL pointer dereference, leading to a crash or undefined behavior.",LLM_ANALYSIS,427-452
async.c,__redisAsyncFree,True,CWE-416,"[CWE-416] The function iterates over subscription callbacks and releases the dictionaries (ac->sub.channels and ac->sub.patterns) after running callbacks. However, the callbacks themselves may access these dictionaries (e.g., to unsubscribe or modify subscriptions), leading to use-after-free or double-free.",LLM_ANALYSIS,362-409
async.c,redisAsyncDisconnect,False,,The function does not contain a direct security vulnerability. It manipulates flags and conditionally calls a disconnect function.,LLM_ANALYSIS,460-468
async.c,redisIsSubscribeReply,True,CWE-125,"[CWE-125] The function compares the first 'len' bytes of the string against fixed strings using strncasecmp. If the input string is shorter than the compared string, strncasecmp may read beyond the string's allocated buffer, leading to an out-of-bounds read.",LLM_ANALYSIS,549-568
async.c,__redisAsyncHandleConnectFailure,False,,The function calls internal library functions to run a connect callback with an error and then disconnect the async context. No obvious security vulnerability is present in this snippet.,LLM_ANALYSIS,664-667
async.c,redisProcessCallbacks,True,CWE-476,"[CWE-476] Potential NULL pointer dereference: the code casts reply to redisReply* and accesses its fields without first checking that reply is not NULL. Although reply is checked for NULL earlier in the loop, the check occurs before the cast, but the cast and field access happen after the NULL check.",LLM_ANALYSIS,570-662
async.c,redisAsyncHandleRead,True,CWE-476,"[CWE-476] The function dereferences a function pointer from the redisContext structure (c->funcs->async_read) without validating that funcs is non-NULL or that async_read is non-NULL. If the context is not properly initialized or the funcs pointer is corrupted, this can lead to a null pointer dereference or a",LLM_ANALYSIS,724-739
async.c,redisAsyncRead,False,,"The function does not contain an obvious security vulnerability. It reads from the Redis context, handles errors by disconnecting, and re-schedules reads.",LLM_ANALYSIS,709-719
async.c,__redisGetSubscribeCallback,True,CWE-125,"[CWE-125] The function dereferences reply->element[0] and reply->element[1] without checking that reply->elements is at least 2. The condition only checks reply->elements >= 3 for REDIS_REPLY_ARRAY, but for REDIS_REPLY_PUSH it does not check the number of elements.",LLM_ANALYSIS,470-544
async.c,__redisAsyncHandleConnect,False,,The function does not appear to contain a direct security vulnerability. It checks return values and handles connection states appropriately.,LLM_ANALYSIS,672-707
async.c,redisAsyncHandleWrite,True,CWE-476,"[CWE-476] The function dereferences a pointer obtained from a struct field without verifying it is non-null. Specifically, `c->funcs` is dereferenced to call `async_write`, but there is no check that `c->funcs` is not NULL.",LLM_ANALYSIS,759-774
async.c,redisAsyncWrite,False,,"The function does not appear to contain a direct security vulnerability. It handles write errors by disconnecting, and manages event loop read/write interests appropriately.",LLM_ANALYSIS,741-757
async.c,redisAsyncHandleTimeout,False,,"The function does not appear to contain a specific CWE vulnerability. It handles timeouts and callbacks, but the logic is straightforward and does not show obvious memory safety issues, race conditions, or other common vulnerabilities.",LLM_ANALYSIS,776-813
async.c,__redisAsyncCommand,True,CWE-476,"[CWE-476] The function uses `assert(p != NULL)` to check the return value of `nextArgument`. In release builds, `assert` is compiled out, so if `nextArgument` returns NULL, the code will dereference a NULL pointer at `p[0]`, leading to a crash.",LLM_ANALYSIS,834-968
async.c,redisvAsyncCommand,False,,"The function calls redisvFormatCommand which allocates memory for the command string. If the format string is user-controlled, it could lead to format string vulnerabilities.",LLM_ANALYSIS,970-983
async.c,redisAsyncCommand,False,,"The function is a simple wrapper around redisvAsyncCommand, which is a variadic function that takes a format string and va_list. The format string is passed directly to redisvAsyncCommand, which is responsible for parsing it.",LLM_ANALYSIS,985-992
dict.c,_dictExpandIfNeeded,True,CWE-190,"[CWE-190] The function does not check for integer overflow when doubling the hash table size (ht->size*2). If ht->size is large enough, the multiplication can overflow, leading to an undersized allocation or other memory corruption issues.",LLM_ANALYSIS,300-308
async.c,redisAsyncCommandArgv,False,,"The function appears to be a wrapper around redisFormatSdsCommandArgv and __redisAsyncCommand. It checks the return value of redisFormatSdsCommandArgv for negative values, which is good.",LLM_ANALYSIS,994-1004
async.c,redisAsyncFormattedCommand,False,,"The function simply delegates to __redisAsyncCommand, which is an internal function. No direct vulnerability is apparent in this wrapper.",LLM_ANALYSIS,1006-1009
async.c,redisAsyncSetTimeout,False,,"The function allocates memory for command_timeout using hi_calloc and assigns it to ac->c.command_timeout. However, there is no check for double allocation: if command_timeout is already non-NULL, the function does not allocate new memory, but if it is NULL, it allocates.",LLM_ANALYSIS,1017-1034
dict.c,_dictInit,False,,The function initializes a dictionary structure by resetting it and setting its type and private data. No security vulnerabilities were identified in this code snippet.,LLM_ANALYSIS,84-89
dict.c,dictAdd,False,,"The function does not check for duplicate keys before inserting. It calls _dictKeyIndex which returns -1 if the key already exists, but the code only checks for -1 and returns DICT_ERR.",LLM_ANALYSIS,141-163
dict.c,_dictReset,False,,The function initializes a dictionary structure by setting its fields to zero/NULL. This is a standard initialization routine and does not introduce a security vulnerability by itself.,LLM_ANALYSIS,66-71
dict.c,dictReplace,True,CWE-416,"[CWE-416] The function copies a dictEntry by value (auxentry = *entry), then modifies the original entry's value via dictSetHashVal, and finally calls dictFreeEntryVal on the copied entry. If dictFreeEntryVal frees resources (e.g., memory) associated with the value, this can lead to a use-after-free or double",LLM_ANALYSIS,169-191
dict.c,dictExpand,False,,"The function does not validate the 'size' parameter for overflow when computing 'realsize' via _dictNextPower(size). If 'size' is very large, _dictNextPower may return a value that overflows when computing 'realsize-1' for sizemask, or the calloc may fail due to excessive size, but the main issue is",LLM_ANALYSIS,92-138
dict.c,dictDelete,False,,"The function does not appear to have a direct security vulnerability. It properly checks for an empty hash table, computes the hash bucket, and traverses the linked list to find and remove the entry.",LLM_ANALYSIS,194-222
dict.c,dictRelease,False,,"The function simply clears a dictionary and frees it. No obvious vulnerability is present without additional context (e.g., double-free, use-after-free, or null pointer dereference).",LLM_ANALYSIS,250-253
dict.c,_dictClear,True,CWE-125,"[CWE-125] The function iterates over the hash table and frees entries, but the loop condition `ht->used > 0` combined with the increment of `i` can cause an out-of-bounds read if the table has more entries than `ht->size` (e.g., due to a corrupted `used` counter) or if `ht->size` is 0. Additionally, the loop’",LLM_ANALYSIS,225-247
hiredis.c,freeReplyObject,True,CWE-674,[CWE-674] The function recursively frees a redisReply structure. It correctly handles NULL pointers and frees nested elements.,LLM_ANALYSIS,91-124
dict.c,dictInitIterator,False,,No security vulnerability detected. The function simply initializes fields of a dictionary iterator structure.,LLM_ANALYSIS,270-275
dict.c,_dictKeyIndex,False,,"The function does not appear to contain a direct security vulnerability. It performs a hash table lookup and returns -1 if the key is found, otherwise returns the hash index.",LLM_ANALYSIS,325-342
hiredis.c,redisvFormatCommand,True,CWE-787,"[CWE-787] The function uses sprintf() to write into a buffer allocated with hi_malloc(totlen+1). The total length calculation may be incorrect because it uses sprintf() to write the header and each element, but the calculated totlen is based on bulklen() and countDigits() which may not match the actual number",LLM_ANALYSIS,323-558
hiredis.c,bulklen,False,,"The function performs simple arithmetic operations on a size_t value. No buffer access, memory allocation, or external input handling is present.",LLM_ANALYSIS,319-321
hiredis.c,redisFreeSdsCommand,False,,The function simply frees an SDS string. No vulnerability detected in this isolated context.,LLM_ANALYSIS,640-642
hiredis.c,redisFormatCommand,False,,"The function delegates to redisvFormatCommand, which may have vulnerabilities depending on its implementation. However, based solely on this code, there is no direct vulnerability.",LLM_ANALYSIS,572-585
hiredis.c,redisPushAutoFree,False,,"The function simply frees a reply object using freeReplyObject, which is a standard cleanup function in hiredis. No security vulnerability is apparent in this isolated code snippet.",LLM_ANALYSIS,711-714
hiredis.c,__redisSetError,False,,The function safely copies the input string into a fixed-size buffer using a length check and null-termination. No buffer overflow or other security vulnerability is present.,LLM_ANALYSIS,691-705
hiredis.c,redisFreeCommand,False,,The function simply frees the memory pointed to by cmd. No vulnerability is apparent from this code alone.,LLM_ANALYSIS,687-689
hiredis.c,redisEnableKeepAliveWithInterval,False,,"The function simply calls redisKeepAlive with the provided interval. No direct vulnerability is apparent, but the security depends on the implementation of redisKeepAlive and the context.",LLM_ANALYSIS,957-959
hiredis.c,redisSetTimeout,False,,The function checks the REDIS_BLOCK flag and calls redisContextSetTimeout with the provided timeval. No obvious security vulnerability is present in this code snippet.,LLM_ANALYSIS,951-955
hiredis.c,redisSetTcpUserTimeout,False,,The function simply forwards the timeout value to redisContextSetTcpUserTimeout. No obvious vulnerability is present in this code snippet.,LLM_ANALYSIS,967-969
hiredis.c,redisReconnect,True,CWE-125,"[CWE-125] The function uses strlen(c->errstr) to determine the size for memset, but c->errstr is a fixed-size buffer (typically char errstr[128]) that may not be null-terminated if it was not properly initialized or if a previous error string filled the entire buffer. This can lead to an out-of-bounds read in",LLM_ANALYSIS,771-813
hiredis.c,redisEnableKeepAlive,False,,The function simply calls redisKeepAlive with a constant interval. No obvious security vulnerability is present in this code snippet.,LLM_ANALYSIS,962-964
hiredis.c,redisFree,True,CWE-416,"[CWE-416] The function frees the object 'c' after setting its memory to 0xff, which is a use-after-free vulnerability. The memset writes to memory that has already been freed by the preceding free calls (e.g., hi_free(c->tcp.host) etc.)?",LLM_ANALYSIS,737-762
hiredis.c,redisBufferRead,False,,"The function reads data into a fixed-size stack buffer of 16KB. The read function is called with the buffer size, so if the read function respects the size limit, there is no buffer overflow.",LLM_ANALYSIS,983-1000
hiredis.c,redisBufferWrite,False,,"The function does not appear to have a specific CWE vulnerability. It checks for errors, handles partial writes, and manages memory allocation failures.",LLM_ANALYSIS,1011-1038
hiredis.c,redisNextInBandReplyFromReader,False,,"The function appears to safely handle replies from a Redis context. It calls redisGetReplyFromReader to retrieve a reply, checks for errors, and then processes push replies in a loop.",LLM_ANALYSIS,1064-1071
hiredis.c,redisGetReplyFromReader,False,,"The function does not validate the 'c' pointer or 'c->reader' before dereferencing, which could lead to a NULL pointer dereference if 'c' or 'c->reader' is NULL. However, this is a common pattern in C libraries where the caller is expected to pass valid pointers, and the vulnerability depends on the",LLM_ANALYSIS,1052-1059
net.c,__redisSetError,False,,"The function declaration itself does not contain any implementation or logic that could introduce a vulnerability. It only declares a function signature with parameters (redisContext pointer, int, const char*).",LLM_ANALYSIS,52-53
hiredis.c,redisvAppendCommand,False,,The function appears to properly handle errors from redisvFormatCommand and frees the allocated command buffer in all paths. No obvious memory safety or injection vulnerability is present in this code snippet.,LLM_ANALYSIS,1138-1158
hiredis.c,redisAppendFormattedCommand,False,,The function simply calls __redisAppendCommand and checks its return value. No direct vulnerability is evident in this code snippet.,LLM_ANALYSIS,1129-1136
hiredis.c,redisHandledPushReply,True,CWE-476,"[CWE-476] The function dereferences the 'c' pointer without checking if it is NULL. If 'c' is NULL, this will cause a null pointer dereference.",LLM_ANALYSIS,1042-1049
hiredis.c,redisAppendCommand,False,,"The function uses va_list correctly with va_start/va_end, and passes the format string and arguments to redisvAppendCommand, which is expected to handle them safely. No direct vulnerability is apparent in this code snippet.",LLM_ANALYSIS,1160-1168
hiredis.c,__redisAppendCommand,False,,"The function sdscatlen is assumed to return NULL on failure, but the code checks for NULL and handles it. However, the function does not validate the input parameters (c, cmd, len) for NULL or invalid values.",LLM_ANALYSIS,1116-1127
hiredis.c,redisGetReply,False,,"The function does not appear to have a direct security vulnerability. It handles NULL reply pointers correctly, checks return values from Redis functions, and does not perform unsafe memory operations.",LLM_ANALYSIS,1073-1107
net.c,redisNetClose,False,,"The function closes a file descriptor and sets it to an invalid value, which is a safe pattern. No vulnerability detected.",LLM_ANALYSIS,56-61
net.c,__redisSetErrorFromErrno,True,CWE-120,"[CWE-120] Potential buffer overflow in strerror_r call. The length 'len' is computed from snprintf, but if prefix is too long, snprintf returns the number of characters that would have been written (excluding null terminator), which can be larger than sizeof(buf)-1.",LLM_ANALYSIS,102-111
net.c,redisNetRead,False,,"The function uses recv() with the provided buffer and buffer capacity, which is safe as long as bufcap accurately reflects the buffer size. No buffer overflow or other memory safety issues are apparent.",LLM_ANALYSIS,63-83
net.c,redisSetReuseAddr,False,,"The function sets SO_REUSEADDR on a socket, which is not a security vulnerability by itself. However, it does not check the return value of setsockopt for errors other than -1, and it does not validate the socket descriptor or context.",LLM_ANALYSIS,113-121
net.c,redisCreateSocket,True,CWE-772,"[CWE-772] The function creates a socket and assigns it to c->fd, but does not check for errors from redisSetReuseAddr. If redisSetReuseAddr fails, the function returns REDIS_ERR without closing the socket, leading to a file descriptor leak.",LLM_ANALYSIS,123-145
net.c,redisNetWrite,True,CWE-252,[CWE-252] The function uses send() to write data from c->obuf to the socket. It checks for errors but does not handle partial writes correctly.,LLM_ANALYSIS,85-100
net.c,redisContextUpdateCommandTimeout,True,CWE-476,"[CWE-476] The function copies data from the 'timeout' pointer to 'c->command_timeout' using memcpy without verifying that 'timeout' is not NULL. If 'timeout' is NULL, this will cause a NULL pointer dereference, leading to a crash or potential security issue.",LLM_ANALYSIS,431-445
hiredis.c,redisAppendCommandArgv,False,,The function appears to be a wrapper around redisFormatSdsCommandArgv and __redisAppendCommand. It checks for memory allocation failure (len == -1) and handles it.,LLM_ANALYSIS,1170-1187
net.c,redisSetTcpNoDelay,False,,"The function does not appear to have a security vulnerability. It calls setsockopt with TCP_NODELAY, which is a standard operation.",LLM_ANALYSIS,235-243
net.c,redisContextTimeoutMsec,True,CWE-190,"[CWE-190] The function checks for invalid timeout values but has a potential integer overflow in the calculation of msec. Specifically, 'timeout->tv_sec * 1000' can overflow if tv_sec is large (e.g., near LONG_MAX), leading to undefined behavior.",LLM_ANALYSIS,264-286
net.c,redisPollMillis,False,,"The function uses clock_gettime with CLOCK_MONOTONIC, which is not vulnerable to time-of-check/time-of-use (TOCTOU) issues. The return type is long, which may be 32-bit on some platforms, potentially causing integer overflow when converting milliseconds to a long, but this is a portability issue, C,",LLM_ANALYSIS,288-298
net.c,redisKeepAlive,False,,"The function does not validate the 'interval' parameter. If 'interval' is negative, the setsockopt calls with TCP_KEEPIDLE, TCP_KEEPINTVL, or TCP_KEEPALIVE may fail or set invalid values, potentially leading to unexpected behavior.",LLM_ANALYSIS,181-233
net.c,redisCheckSocketError,False,,"The function does not appear to have a direct security vulnerability. It correctly saves errno before calling getsockopt, checks the return value, and restores errno if needed.",LLM_ANALYSIS,374-394
net.c,redisContextWaitReady,False,,"The function uses poll() with a timeout value that is not updated in the loop. If poll() returns early due to EINTR, the remaining time is not recalculated, which can lead to a longer wait than intended.",LLM_ANALYSIS,300-336
net.c,redisCheckConnectDone,True,CWE-476,"[CWE-476] The function does not validate the 'completed' pointer for NULL before dereferencing it, which could lead to a NULL pointer dereference if the caller passes NULL. Additionally, the function does not check the return value of getsockopt() for errors other than failure, and it does not handle the case",LLM_ANALYSIS,338-372
net.c,redisContextUpdateConnectTimeout,True,CWE-476,"[CWE-476] The function copies data from the 'timeout' pointer to 'c->connect_timeout' using memcpy without verifying that 'timeout' is not NULL. If 'timeout' is NULL, this will cause a NULL pointer dereference, leading to a crash or potential security issue.",LLM_ANALYSIS,415-429
read.c,__redisReaderSetError,False,,"The function copies a string into a fixed-size buffer using memcpy with a length that is bounded by the buffer size minus one, and then null-terminates it. This is safe.",LLM_ANALYSIS,74-96
read.c,__redisReaderSetErrorOOM,False,,"The function simply calls __redisReaderSetError to set an error state. No memory allocation, buffer handling, or unsafe operations are performed.",LLM_ANALYSIS,131-133
read.c,chrtos,False,,"The function uses snprintf with proper size limits, preventing buffer overflow. The return value of snprintf is the number of characters that would have been written, which is correctly returned.",LLM_ANALYSIS,98-120
read.c,__redisReaderSetErrorProtocolByte,False,,"The function uses snprintf with proper buffer size and format string, and chrtos is assumed to safely convert the byte to a string. No obvious vulnerability detected.",LLM_ANALYSIS,122-129
net.c,redisContextConnectUnix,True,CWE-131,"[CWE-131] The function uses strncpy to copy the path into sun_path, which may not null-terminate the string if the path length is exactly sizeof(sun_path)-1 or longer. This can lead to an unterminated string in the sockaddr_un structure, potentially causing issues in connect() or other operations that expect",LLM_ANALYSIS,648-713
net.c,redisContextSetTimeout,False,,"The function uses the address of a local variable 'tv' and passes it to setsockopt. The 'tv' parameter is passed by value, so 'to_ptr' points to a copy of the caller's timeval.",LLM_ANALYSIS,396-413
read.c,moveToNextTask,True,CWE-125,"[CWE-125] The function accesses r->task[r->ridx-1] without checking that r->ridx is greater than 0. The loop condition only checks r->ridx >= 0, and the early return when r->ridx == 0 occurs after the check, but the code accesses r->task[r->ridx-1] before that check.",LLM_ANALYSIS,261-288
read.c,processLineItem,False,,"The code contains a potential buffer overflow in the double parsing path. The buffer 'buf' is declared as char buf[326], and the code checks if len >= sizeof(buf) before copying, which is correct.",LLM_ANALYSIS,290-453
read.c,string2ll,False,,"The function appears to correctly handle overflow checks for unsigned long long and signed long long conversions. The negative overflow check uses a slightly convoluted expression but is correct: -(LLONG_MIN+1) equals LLONG_MAX, so the check is v > (unsigned long long)(LLONG_MAX)+1, which correctly,",LLM_ANALYSIS,183-244
read.c,processBulkItem,True,CWE-190,[CWE-190] Potential integer overflow in bytelen calculation: bytelen += len+2 can overflow if len is large (up to SIZE_MAX). This could lead to an incorrect buffer length check and out-of-bounds read.,LLM_ANALYSIS,455-525
read.c,processAggregateItem,False,,"The function checks for maximum nesting depth and maximum elements, and validates the length before using it. The multiplication by 2 for MAP/ATTR types is guarded by a check against LLONG_MAX/2 and SIZE_MAX/2.",LLM_ANALYSIS,553-649
read.c,redisReaderGrow,True,CWE-755,"[CWE-755] The function reallocates the task array and then allocates new tasks. If the realloc succeeds but a subsequent calloc fails, the function returns an error but the task array has already been resized.",LLM_ANALYSIS,527-550
net.c,redisSetBlocking,False,,The function uses fcntl/ioctl to set socket blocking mode. No direct memory safety issues are present.,LLM_ANALYSIS,147-179
read.c,redisReaderFree,True,CWE-476,"[CWE-476] The function frees memory pointed to by r->task[i] for i < r->tasks, but there is no check that r->task is non-NULL before dereferencing it in the loop condition. If r->task is NULL and r->tasks is non-zero, the loop will attempt to access r->task[i], causing a NULL pointer dereference.",LLM_ANALYSIS,769-787
read.c,processItem,False,,The function reads a single byte to determine the reply type and then dispatches to processing functions. No direct memory safety issues are apparent in this snippet.,LLM_ANALYSIS,651-734
sds.c,sdsupdatelen,False,,"The function simply calculates the length of the string using strlen and sets the SDS length field. No obvious vulnerability is present, assuming s is a valid SDS string and the length is correctly updated.",LLM_ANALYSIS,177-180
sds.c,sdsfree,True,CWE-761,"[CWE-761] The expression s[-1] accesses the byte immediately before the string data, which is not guaranteed to be the SDS header type. The SDS header size depends on the type stored in the header, and using s[-1] to determine the header size is incorrect.",LLM_ANALYSIS,158-161
read.c,redisReaderFeed,False,,"The function does not appear to have a direct memory safety vulnerability. It checks for NULL buffer and len >= 1, handles allocation failures, and uses sds functions that manage memory safely.",LLM_ANALYSIS,789-818
read.c,redisReaderGetReply,True,CWE-476,"[CWE-476] The function does not validate the 'r' pointer for NULL before dereferencing it, which could lead to a NULL pointer dereference. Additionally, the code accesses r->task[0] without checking if r->ridx is within bounds, which could lead to an out-of-bounds access if r->ridx is not -1 but the task list",LLM_ANALYSIS,820-871
sds.c,sdsIncrLen,True,CWE-787,"[CWE-787] The function uses assertions to validate the increment operation, but assertions are typically disabled in release builds (NDEBUG). If assertions are disabled, the function can write beyond the allocated buffer when incr is positive and exceeds available space, or when incr is negative and exceeds s",LLM_ANALYSIS,317-356
sds.c,sdsAllocSize,True,CWE-125,[CWE-125] The function accesses s[-1] to retrieve the SDS header type. This assumes that the pointer s points to a valid SDS string and that the byte immediately before s is accessible.,LLM_ANALYSIS,283-286
sds.c,sdsrange,True,CWE-190,"[CWE-190] The function has an integer overflow vulnerability in the calculation of newlen when start and end are large positive values. Specifically, (end-start)+1 can overflow if end is near SSIZE_MAX and start is negative or small, leading to a small newlen value.",LLM_ANALYSIS,729-757
sds.c,sdsll2str,True,CWE-787,"[CWE-787] The function writes the string representation of 'value' into the buffer pointed to by 's' without any bounds checking. If the buffer is smaller than the maximum possible length of the string (e.g., for a 64-bit long long, up to 20 digits plus sign and null terminator), this can cause a buffer overﬂ",LLM_ANALYSIS,434-463
sds.c,sdstoupper,False,,The function converts each character in the SDS string to uppercase using toupper(). The loop iterates over the string length and accesses each character via s[j].,LLM_ANALYSIS,767-771
sds.c,sdsfreesplitres,False,,"The function correctly checks for NULL pointer, frees each element in the array, and then frees the array itself. No obvious vulnerability detected.",LLM_ANALYSIS,862-867
sds.c,sdsclear,False,,"The function sets the SDS string length to 0 and null-terminates the first byte. This is a standard operation for clearing an SDS string and does not introduce a vulnerability by itself, assuming the input 's' is a valid SDS string with allocated memory.",LLM_ANALYSIS,186-189
sds.c,sdscmp,False,,"The function compares two SDS strings using memcmp and then returns the difference in lengths if the common prefix is equal. The potential issue is that the return type is int, but the length difference (l1 - l2) is computed using size_t (unsigned) and then implicitly converted to int.",LLM_ANALYSIS,784-794
sds.c,sdstolower,False,,The function converts each character of the SDS string to lowercase using tolower(). The loop iterates over the string length and accesses s[j] directly.,LLM_ANALYSIS,760-764
sds.c,sdsull2str,True,CWE-787,"[CWE-787] The function writes the decimal representation of an unsigned long long into the buffer pointed to by 's' without any bounds checking. An unsigned long long can have up to 20 digits, so the buffer must be at least 21 bytes (including the null terminator).",LLM_ANALYSIS,466-492
sds.c,main,False,,The function simply calls sdsTest() and returns its result. No security vulnerabilities are apparent in this code snippet.,LLM_ANALYSIS,1289-1291
sockcompat.c,_wsaErrorToErrno,False,,"The function is a simple switch statement mapping Windows socket error codes to POSIX error codes. It has a default case that returns a generic error, and no memory operations, pointer dereferences, or external inputs that could lead to security vulnerabilities.",LLM_ANALYSIS,35-95
sockcompat.c,_updateErrno,False,,The function simply sets errno based on the success flag and the last Winsock error. No security vulnerability detected.,LLM_ANALYSIS,97-99
sds.c,hex_digit_to_int,False,,"The function is a simple switch statement that maps hexadecimal characters to their integer values. It does not perform any memory operations, pointer arithmetic, or external input handling that could lead to common vulnerabilities such as buffer overflows, integer overflows, or injection attacks.",LLM_ANALYSIS,902-922
sds.c,sds_free,False,,"The function simply calls s_free on the provided pointer. Without additional context (e.g., whether the pointer is valid, double-free, or use-after-free), no specific vulnerability can be confirmed.",LLM_ANALYSIS,1116-1117
sds.c,sdsTest,False,,"The code is a test function for the SDS (Simple Dynamic String) library. It does not contain any obvious security vulnerabilities such as buffer overflows, use-after-free, or memory leaks.",LLM_ANALYSIS,1124-1285
sockcompat.c,win32_freeaddrinfo,False,,"The function simply calls freeaddrinfo on the provided pointer. No vulnerability is evident in this isolated context, assuming the pointer is valid and not used after this call.",LLM_ANALYSIS,149-151
sockcompat.c,win32_ioctl,False,,The function wraps ioctlsocket and maps SOCKET_ERROR to -1. No obvious vulnerability is present.,LLM_ANALYSIS,165-169
sockcompat.c,win32_getaddrinfo,False,,The function correctly maps Windows socket error codes to POSIX getaddrinfo error codes. No security vulnerability was identified.,LLM_ANALYSIS,115-132
sockcompat.c,win32_bind,False,,The function simply wraps the bind() call and checks for errors. No security vulnerability is apparent.,LLM_ANALYSIS,171-175
sockcompat.c,win32_close,False,,The function simply closes a socket and updates the errno. No security vulnerability detected.,LLM_ANALYSIS,240-244
sockcompat.c,_initWinsock,True,CWE-366,"[CWE-366] The function uses a static variable for initialization state, which is not thread-safe. Multiple threads can concurrently check s_initialized as 0 and call WSAStartup, leading to race conditions.",LLM_ANALYSIS,101-113
sockcompat.c,win32_setsockopt,True,CWE-476,"[CWE-476] The function dereferences the 'optval' pointer without verifying that it is non-NULL and that 'optlen' is at least the size of 'struct timeval'. This can lead to a NULL pointer dereference or an out-of-bounds read, potentially causing a crash or information disclosure.",LLM_ANALYSIS,227-238
ssl.c,__redisSetError,False,,"The function declaration itself does not contain any implementation or logic that could introduce a vulnerability. It only declares a function signature with parameters (redisContext pointer, int, const char*).",LLM_ANALYSIS,84-85
net.c,redisContextSetTcpUserTimeout,True,CWE-758,"[CWE-758] The function passes the address of an unsigned int variable to setsockopt with TCP_USER_TIMEOUT, which expects a pointer to an int. This type mismatch can lead to undefined behavior, especially on platforms where int and unsigned int have different sizes or representations.",LLM_ANALYSIS,245-260
sockcompat.c,win32_getsockopt,True,CWE-476,"[CWE-476] The function dereferences the optlen pointer without checking if it is NULL, which can lead to a NULL pointer dereference. Additionally, when handling SO_RCVTIMEO/SO_SNDTIMEO, it reads *optlen before validating optval, and if optval is NULL, the subsequent assignment to tv->tv_sec will cause a NULL/",LLM_ANALYSIS,198-225
sockcompat.c,win32_connect,False,,No obvious security vulnerability detected. The function handles connect() errors and translates errno values appropriately.,LLM_ANALYSIS,177-196
sockcompat.c,win32_recv,True,CWE-681,"[CWE-681] The function casts the size_t parameter 'len' to int before passing it to recv(). If 'len' exceeds INT_MAX, the cast truncates the value, potentially causing a buffer overflow or incorrect read size.",LLM_ANALYSIS,246-250
sockcompat.c,win32_poll,False,,"The function wraps WSAPoll and converts SOCKET_ERROR to -1, updating errno. No obvious vulnerability detected.",LLM_ANALYSIS,258-262
sockcompat.c,win32_redisKeepAlive,True,CWE-200,"[CWE-200] The function does not validate the socket descriptor or the interval_ms parameter. A negative interval_ms value could be passed to the system call, potentially causing undefined behavior or a denial of service.",LLM_ANALYSIS,264-278
ssl.c,sslLockRelease,False,,"The function simply unlocks a mutex. No vulnerability is apparent without additional context (e.g., missing lock, double unlock, or error handling).",LLM_ANALYSIS,149-151
ssl.c,sslLockInit,False,,The function initializes a pthread mutex. No security vulnerability is apparent in this isolated code snippet.,LLM_ANALYSIS,143-145
ssl.c,sslLockAcquire,False,,"The function locks a mutex but does not unlock it, which could lead to a deadlock if the caller expects the lock to be released. However, this is a logic issue rather than a security vulnerability in the context of the provided code snippet.",LLM_ANALYSIS,146-148
ssl.c,opensslDoLock,True,CWE-787,"[CWE-787] The function does not validate the lkid parameter before using it as an index into the ossl_locks array. If lkid is out of bounds, this can lead to an out-of-bounds read/write, which is a memory safety vulnerability.",LLM_ANALYSIS,156-167
ssl.c,redisInitOpenSSL,False,,"No security vulnerability detected. The function initializes OpenSSL library and locks, which is a standard initialization routine.",LLM_ANALYSIS,188-196
ssl.c,initOpensslLocks,False,,"The function allocates memory for locks and initializes them, but does not check for potential integer overflow in the multiplication 'sizeof(*ossl_locks) * nlocks' if nlocks is large. However, CRYPTO_num_locks() typically returns a small number, so this is unlikely.",LLM_ANALYSIS,169-185
ssl.c,redisFreeSSLContext,False,,"The function frees the SSL context and server name, then frees the containing structure. No use-after-free or double-free is present because pointers are set to NULL after freeing.",LLM_ANALYSIS,228-244
ssl.c,redisSSLContextSetVerifyName,True,CWE-476,"[CWE-476] The function dereferences the 'name' pointer without checking for NULL. If 'name' is NULL, the line 'if (name[0] == '0')' will cause a NULL pointer dereference, leading to a crash or undefined behavior.",LLM_ANALYSIS,273-309
ssl.c,redisInitiateSSL,False,,"The function simply delegates to redisSSLConnect, which is a library function. Without additional context, no vulnerability is evident in this code snippet.",LLM_ANALYSIS,499-501
ssl.c,redisSSLConnect,False,,"The function uses snprintf with sizeof(err)-1 as the size, which is safe against buffer overflow. However, the error message buffer is not null-terminated if the formatted string is exactly 511 characters, but snprintf guarantees null termination when size > 0.",LLM_ANALYSIS,439-492
ssl.c,maybeCheckWant,False,,No security vulnerability detected. The function simply checks the return value from an SSL operation and sets flags accordingly.,LLM_ANALYSIS,544-558
ssl.c,redisInitiateSSLWithContext,False,,The function checks for NULL pointers and initializes SSL correctly. It frees the SSL object on error paths.,LLM_ANALYSIS,508-542
ssl.c,redisSSLFree,False,,"The function frees the SSL object and then frees the context structure. However, it does not check if the SSL object is NULL before calling SSL_free, which is safe because SSL_free handles NULL.",LLM_ANALYSIS,564-573
ssl.c,redisSSLRead,True,CWE-754,"[CWE-754] The function uses errno to determine the error type after SSL_read, but SSL_read does not set errno reliably. The correct approach is to use SSL_get_error() to obtain the error code and then map it to the appropriate errno values (e.g., SSL_ERROR_WANT_READ/WRITE for EAGAIN/EWOULDBLOCK, SSL_ERROR_SY5",LLM_ANALYSIS,575-615
ssl.c,redisSSLAsyncWrite,True,CWE-476,"[CWE-476] The function does not check if rssl is NULL before dereferencing it. If ac->c.privctx is NULL, this will cause a null pointer dereference.",LLM_ANALYSIS,669-697
ssl.c,redisSSLWrite,False,,"The function does not check the return value of SSL_write for SSL_ERROR_WANT_READ or SSL_ERROR_WANT_WRITE when the connection is blocking. In blocking mode, SSL_write may return -1 with SSL_ERROR_WANT_READ/WRITE, but the code treats it as an I/O error and returns -1, which could lead to incorrect re",LLM_ANALYSIS,617-637
ssl.c,redisSSLAsyncRead,False,,The function does not appear to contain a specific CWE vulnerability. It handles error conditions by disconnecting and manages read/write events appropriately.,LLM_ANALYSIS,639-667
test.c,millisleep,False,,No security vulnerability detected. The function simply sleeps for a specified number of milliseconds.,LLM_ANALYSIS,80-87
test.c,get_redis_version,False,,"The function does not validate the return value of strtol for the minor version, which could lead to undefined behavior if the input is not a valid number. However, the primary issue is that the function calls exit(1) on error, which can lead to denial of service if called in a context where the cal",LLM_ANALYSIS,117-150
test.c,do_ssl_handshake,False,,"The function calls redisInitiateSSLWithContext and checks c->err, but does not check the return value of redisInitiateSSLWithContext. If the function fails to initiate SSL, it may leave the connection in an inconsistent state, and the subsequent check of c->err may not catch all failure modes.",LLM_ANALYSIS,212-223
test.c,send_hello,True,CWE-617,"[CWE-617] The function uses assert() to validate the reply, which is compiled out in release builds (NDEBUG). If the reply is NULL or has an unexpected type, the program will not handle the error gracefully, potentially leading to a NULL pointer dereference or undefined behavior when freeReplyObject() is not",LLM_ANALYSIS,175-183
test.c,send_client_tracking,True,CWE-779,"[CWE-779] The function passes user-controlled input directly into a Redis command without validation or sanitization. This can lead to command injection if the input contains special characters or spaces, allowing an attacker to execute arbitrary Redis commands.",LLM_ANALYSIS,186-192
test.c,disconnect,False,,"The function does not appear to contain a security vulnerability. It uses assert to check for NULL replies, which could cause a crash in debug builds but is not a typical CWE.",LLM_ANALYSIS,194-210
test.c,do_reconnect,False,,The function performs a reconnection and optionally an SSL handshake based on configuration. No obvious security vulnerability is present in the provided code snippet.,LLM_ANALYSIS,262-268
test.c,test_append_formatted_commands,False,,"The function does not check the return value of redisFormatCommand. If it fails (returns -1), cmd may be uninitialized or NULL, and len may be -1, leading to undefined behavior when passed to redisAppendFormattedCommand.",LLM_ANALYSIS,394-414
test.c,test_unix_keepalive,False,,The function does not appear to contain a security vulnerability. It uses standard Redis client operations and properly frees the reply object.,LLM_ANALYSIS,435-451
test.c,test_free_null,False,,"The function passes NULL to redisFree and freeReplyObject, which are expected to handle NULL gracefully. No vulnerability detected.",LLM_ANALYSIS,957-968
test.c,test_reply_reader,True,CWE-416,"[CWE-416] The function contains a potential use-after-free vulnerability. In the test 'Set error when nesting depth exceeds the configured maximum', after redisReaderGetReply returns REDIS_ERR, the code calls freeReplyObject(reply) even though reply may be NULL or uninitialized.",LLM_ANALYSIS,453-955
test.c,test_format_commands,True,CWE-134,"[CWE-134] The function uses redisFormatCommand with user-controlled format strings and arguments, which can lead to format string vulnerabilities if the format string is not constant. Additionally, the use of %b with user-controlled lengths and data can cause buffer overflows if lengths are incorrect.",LLM_ANALYSIS,270-392
test.c,test_tcp_options,True,CWE-476,"[CWE-476] The function does not check the return value of do_connect(cfg) before using the redisContext pointer. If do_connect fails and returns NULL, subsequent calls to redisEnableKeepAlive, redisSetTcpUserTimeout, and redisFree will dereference a NULL pointer, leading to a crash or undefined behavior.",LLM_ANALYSIS,416-433
test.c,test_allocator_injection,False,,The function intentionally tests hiredis allocator injection and overflow protection. It does not introduce a vulnerability itself; it is a test function.,LLM_ANALYSIS,994-1025
test.c,push_handler,True,CWE-476,"[CWE-476] The function dereferences 'reply' without checking for NULL, and accesses 'reply->element[1]' without verifying that 'reply->elements' is at least 2. Although there is an assert that checks these conditions, asserts are typically disabled in release builds (NDEBUG), leading to potential NULL pointer",LLM_ANALYSIS,1086-1104
test.c,push_handler_async,False,,The function is a no-op with no security vulnerabilities.,LLM_ANALYSIS,1107-1110
test.c,test_resp3_push_handler,False,,"The function temporarily replaces c->privdata with a pointer to a stack-allocated struct pushCounters. If any redisCommand call triggers a push callback that accesses privdata after the function returns, it would use a dangling pointer.",LLM_ANALYSIS,1112-1184
test.c,test_blocking_connection_errors,True,CWE-476,"[CWE-476] The function dereferences the return value of redisConnect() without checking for NULL. If redisConnect() fails to allocate memory or encounters an error before setting the error fields, it may return NULL, leading to a NULL pointer dereference when accessing c->err and c->errstr.",LLM_ANALYSIS,1028-1083
test.c,free_privdata,True,CWE-476,"[CWE-476] The function dereferences the 'privdata' pointer without checking if it is NULL. If 'privdata' is NULL, this will cause a NULL pointer dereference, leading to a crash or potential denial of service.",LLM_ANALYSIS,1231-1234
test.c,test_privdata_hooks,True,CWE-590,"[CWE-590] The function uses a stack-allocated 'struct privdata data' and sets it as the private data for the Redis context via REDIS_OPTIONS_SET_PRIVDATA. The destructor 'free_privdata' is called when the context is freed, but since 'data' is on the stack, the destructor may attempt to free or modify stack-ll",LLM_ANALYSIS,1236-1250
test.c,test_resp3_push_options,False,,"The function does not appear to contain a specific security vulnerability. It uses assert() to check return values, which in release builds (NDEBUG defined) would be compiled out, potentially leading to null pointer dereferences if the connection fails.",LLM_ANALYSIS,1192-1229
test.c,test_blocking_connection,True,CWE-476,"[CWE-476] The function does not check the return value of redisCommand() before dereferencing the reply pointer. If the command fails (e.g., connection error, OOM, or server error), redisCommand() may return NULL, leading to a NULL pointer dereference.",LLM_ANALYSIS,1252-1347
test.c,detect_debug_sleep,False,,"The function does not contain a direct security vulnerability. It checks the reply and error state, handles NULL reply, and frees the reply object.",LLM_ANALYSIS,1350-1364
test.c,async_disconnect,False,,The function simply disconnects a Redis async context and breaks the event loop. No obvious security vulnerability is present in this isolated code snippet.,LLM_ANALYSIS,1732-1735
test.c,test_throughput,False,,"The code uses assert() to check return values from redisCommand() and redisGetReply(). In release builds with NDEBUG defined, these assertions are compiled out, so NULL replies or error replies are not checked.",LLM_ANALYSIS,1530-1617
test.c,test_blocking_connection_timeouts,True,CWE-119,"[CWE-119] The function directly accesses the internal fields of the redisContext structure (c->funcs, c->obuf, c->err, c->errstr) and manipulates the output buffer manually. This bypasses the library's abstraction and can lead to memory management issues, such as double-free or use-after-free, if the internal",LLM_ANALYSIS,1366-1434
test.c,test_blocking_io_errors,True,CWE-476,"[CWE-476] The function dereferences 'reply' without checking for NULL. If 'redisCommand' fails (e.g., due to connection loss or memory allocation failure), it returns NULL, leading to a NULL pointer dereference in the 'strcasecmp(reply->str, ...)' call.",LLM_ANALYSIS,1436-1480
test.c,timeout_cb,False,,"No security vulnerability detected. The function simply prints a message and exits with status 1, which is a common pattern for timeout handlers.",LLM_ANALYSIS,1738-1742
test.c,test_invalid_timeout_errors,False,,The function does not contain a security vulnerability. It tests error handling for invalid timeout values in redisConnectWithTimeout and redisConnectUnixWithTimeout.,LLM_ANALYSIS,1482-1516
test.c,subscribe_cb,True,CWE-476,"[CWE-476] The function dereferences reply->element[0]->str, reply->element[1]->str, and reply->element[2]->str without checking if these elements are NULL or if their str fields are non-NULL. This can lead to a NULL pointer dereference if the reply structure is malformed or if the elements are not strings (e.",LLM_ANALYSIS,1773-1806
test.c,unexpected_cb,False,,The function does not appear to have a security vulnerability. It simply prints a message and exits.,LLM_ANALYSIS,1745-1749
test.c,publish_msg,True,CWE-779,"[CWE-779] The function uses redisCommand with a format string that directly inserts user-controlled 'channel' and 'msg' parameters into the command without proper escaping or validation. This allows an attacker to inject arbitrary Redis commands, leading to command injection.",LLM_ANALYSIS,1752-1759
test.c,null_cb,True,CWE-476,"[CWE-476] The function dereferences privdata without checking for NULL. If privdata is NULL, this will cause a null pointer dereference.",LLM_ANALYSIS,1818-1823
test.c,integer_cb,True,CWE-476,"[CWE-476] The function dereferences the reply pointer without checking if it is NULL before accessing reply->type. Although there is an assert that checks for NULL, asserts are typically disabled in release builds (NDEBUG), leading to a NULL pointer dereference if reply is NULL.",LLM_ANALYSIS,1762-1768
test.c,test_pubsub_handling,False,,"The function uses assert() for error checking, which is disabled in release builds (NDEBUG). This can lead to undefined behavior if the assertions fail in production, such as dereferencing a NULL pointer or using an invalid context.",LLM_ANALYSIS,1825-1856
test.c,array_cb,False,,"LLM error: 1 validation error for FunctionAnalysis
  Invalid JSON: control character (\u0000-\u001F) found while parsing a string at line 2 column 323 [type=json_invalid, input_value='{\n  ""analyzer_message"":...,\n  ""has_cwe"": true\n}', input_type=str]
    For further information visit https://errors.pydantic.dev/2.13/v/json_invalid",LLM_ANALYSIS,1809-1815
sockcompat.c,win32_send,True,CWE-681,"[CWE-681] The function casts the size_t parameter 'len' to int before passing it to send(). If 'len' exceeds INT_MAX, the cast truncates the value, potentially causing a buffer over-read or incorrect data transmission.",LLM_ANALYSIS,252-256
test.c,unexpected_push_cb,False,,"The function simply prints a message and exits with status 1. It does not process any untrusted input, perform unsafe operations, or introduce security vulnerabilities.",LLM_ANALYSIS,1859-1863
test.c,test_pubsub_handling_resp3,False,,"The function uses `assert` to check return values, which are compiled out in release builds (NDEBUG). This can lead to null pointer dereferences or undefined behavior if the assertions are disabled.",LLM_ANALYSIS,1865-1906
test.c,test_pubsub_multiple_channels,False,,"The function uses assert() to check for errors, which are disabled in release builds (NDEBUG). This can lead to null pointer dereferences or undefined behavior if the assertions are removed.",LLM_ANALYSIS,2051-2083
test.c,test_command_timeout_during_pubsub,False,,"The function uses evtimer_new and then evtimer_assign on the same event, which is redundant but not a vulnerability. The main issue is that the timeout event is not freed if event_base_dispatch fails or if an assertion fails, leading to a resource leak.",LLM_ANALYSIS,1946-1984
test.c,subscribe_channel_b_cb,True,CWE-476,"[CWE-476] The function dereferences reply->element[0]->str and reply->element[1]->str without checking that reply->element[0] and reply->element[1] are non-NULL. If the reply contains NULL elements (e.g., due to a malformed or unexpected response), this leads to a NULL pointer dereference, causing a crash or,",LLM_ANALYSIS,2024-2042
test.c,test_monitor,False,,"The function uses assert() to check return values, which are compiled out in release builds (NDEBUG). This can lead to null pointer dereferences or uninitialized resource usage if the assertions are disabled.",LLM_ANALYSIS,2128-2159
test.c,asCleanup,False,,"The function casts a void pointer to a struct pointer and dereferences it without checking for NULL. If 'data' is NULL, this will cause a NULL pointer dereference, leading to a crash or potential denial of service.",LLM_ANALYSIS,2192-2196
test.c,monitor_cb,True,CWE-617,"[CWE-617] The function uses assert() for error checking, which is disabled in release builds (NDEBUG). This can lead to null pointer dereferences or undefined behavior if assertions are disabled.",LLM_ANALYSIS,2086-2122
test.c,subscribe_with_timeout_cb,True,CWE-476,[CWE-476] The function dereferences reply->element[0]->str without checking if reply->element[0] is NULL or if its str field is NULL. This can lead to a NULL pointer dereference if the reply structure is malformed or incomplete.,LLM_ANALYSIS,1912-1944
test.c,subscribe_channel_a_cb,True,CWE-476,"[CWE-476] The function dereferences reply->element[0]->str, reply->element[1]->str, and reply->element[2]->str without checking if the elements are non-NULL or if their str fields are non-NULL. Although the initial assert checks reply->type and reply->elements, it does not guarantee that each element is a non",LLM_ANALYSIS,1987-2021
test.c,disconnectCallback,True,CWE-121,"[CWE-121] The function uses strcpy to copy c->errstr into astest.errstr without checking the size of the destination buffer. If c->errstr is longer than the destination buffer, it will cause a buffer overflow.",LLM_ANALYSIS,2219-2227
test.c,test_async_polling,False,,"The function uses a hardcoded IP address '192.168.254.254' for testing connect timeout, which is not a vulnerability in itself. However, the function does not check the return value of redisAsyncCommand for the PING command in the 'Async PING/PONG after connect timeout' test, and it does not handle,",LLM_ANALYSIS,2308-2403
test.c,test_ssl_verify_name,False,,The function does not appear to contain a security vulnerability. It uses proper error handling for SSL context creation and frees resources.,LLM_ANALYSIS,2448-2508
test.c,commandCallback,True,CWE-121,"[CWE-121] The function uses strcpy to copy ac->errstr into t->errstr without checking the size of the source string, which can lead to a buffer overflow if ac->errstr is longer than the destination buffer. This is a classic stack-based buffer overflow vulnerability.",LLM_ANALYSIS,2229-2256
test.c,connectCallback,True,CWE-121,"[CWE-121] The function uses strcpy to copy c->errstr into t->errstr without checking the size of the destination buffer. If c->errstr is longer than the destination buffer, it will cause a buffer overflow.",LLM_ANALYSIS,2200-2218
examples\example-ae.c,getCallback,True,CWE-476,"[CWE-476] The function dereferences reply->str without checking if reply->str is NULL. If the Redis reply is an error or a nil reply, reply->str can be NULL, leading to a NULL pointer dereference in printf.",LLM_ANALYSIS,13-20
test.c,as_printerr,False,,"The function prints an error code and string. No obvious vulnerability is present, but note that if astest.errstr is not null-terminated or if astest.err is not properly validated, it could lead to issues.",LLM_ANALYSIS,2298-2300
examples\example-ae.c,connectCallback,True,CWE-476,"[CWE-476] The function dereferences the pointer 'c' without checking if it is NULL. If 'c' is NULL and status is not REDIS_OK, the call to printf with c->errstr will cause a NULL pointer dereference, leading to a crash or undefined behavior.",LLM_ANALYSIS,22-30
examples\example-libev.c,getCallback,True,CWE-476,"[CWE-476] The function dereferences reply->str without checking if reply->str is NULL. If the Redis reply is an error or a nil reply, reply->str can be NULL, leading to a NULL pointer dereference in printf.",LLM_ANALYSIS,10-17
test.c,main,True,CWE-201,"[CWE-201] The function uses atoi() to parse the port number from the command line without validating the input. If the argument is not a valid integer, atoi() returns 0, which may lead to connecting to port 0 or an unintended port.",LLM_ANALYSIS,2511-2687
examples\example-ae.c,disconnectCallback,True,CWE-476,"[CWE-476] The function dereferences the pointer 'c' without checking if it is NULL. If 'c' is NULL and status is not REDIS_OK, the program will crash due to a null pointer dereference.",LLM_ANALYSIS,32-41
examples\example-ivykis.c,getCallback,True,CWE-476,"[CWE-476] The function dereferences reply->str without checking if reply->str is NULL. If the Redis reply is an error or a nil reply, reply->str can be NULL, leading to a NULL pointer dereference in printf.",LLM_ANALYSIS,10-17
examples\example-libevent-ssl.c,getCallback,True,CWE-476,"[CWE-476] The function dereferences reply->str without checking if reply->str is NULL. If the Redis reply is an error or a nil reply, reply->str can be NULL, leading to a NULL pointer dereference in printf.",LLM_ANALYSIS,11-18
examples\example-ivykis.c,disconnectCallback,True,CWE-476,"[CWE-476] The function dereferences the pointer 'c' without checking if it is NULL. If 'c' is NULL and status is not REDIS_OK, the call to printf with c->errstr will cause a NULL pointer dereference, leading to a crash or undefined behavior.",LLM_ANALYSIS,27-33
examples\example-libevent-ssl.c,disconnectCallback,True,CWE-476,"[CWE-476] The function dereferences the pointer 'c' without checking if it is NULL. If 'c' is NULL and status is not REDIS_OK, the call to printf with c->errstr will cause a NULL pointer dereference, leading to a crash or undefined behavior.",LLM_ANALYSIS,28-34
examples\example-ae.c,main,True,CWE-125,"[CWE-125] The function does not check if argc is at least 2 before accessing argv[argc-1], which can lead to an out-of-bounds read if argc is 0 or 1. Additionally, the return value of redisAsyncConnect is not checked for NULL before dereferencing c->err, which could cause a null pointer dereference if the con",LLM_ANALYSIS,43-61
examples\example-ivykis.c,main,True,CWE-125,"[CWE-125] The function does not check if argc is at least 2 before accessing argv[argc-1], which can lead to an out-of-bounds read if argc is 0 or 1. Additionally, the code does not check if the redisAsyncConnect call returns NULL before dereferencing c, which can cause a null pointer dereference.",LLM_ANALYSIS,35-60
examples\example-libev.c,disconnectCallback,True,CWE-476,"[CWE-476] The function dereferences the pointer 'c' without checking if it is NULL. If 'c' is NULL and status is not REDIS_OK, the program will crash due to a null pointer dereference.",LLM_ANALYSIS,27-33
examples\example-libevent.c,disconnectCallback,True,CWE-476,"[CWE-476] The function dereferences the pointer 'c' without checking if it is NULL. If 'c' is NULL and status is not REDIS_OK, the program will crash due to a null pointer dereference.",LLM_ANALYSIS,32-38
examples\example-ivykis.c,connectCallback,True,CWE-476,"[CWE-476] The function dereferences the pointer 'c' without checking if it is NULL. If 'c' is NULL and status is not REDIS_OK, the call to printf with c->errstr will cause a NULL pointer dereference, leading to a crash or undefined behavior.",LLM_ANALYSIS,19-25
examples\example-libhv.c,getCallback,True,CWE-476,"[CWE-476] The function dereferences reply->str without checking if reply->str is NULL. If the Redis reply is an error or a nil reply, reply->str can be NULL, leading to a NULL pointer dereference in printf.",LLM_ANALYSIS,10-17
examples\example-libev.c,connectCallback,True,CWE-476,"[CWE-476] The function dereferences the pointer 'c' without checking if it is NULL. If 'c' is NULL and status is not REDIS_OK, the call to printf with c->errstr will cause a NULL pointer dereference, leading to a crash or undefined behavior.",LLM_ANALYSIS,19-25
examples\example-libhv.c,connectCallback,True,CWE-476,"[CWE-476] The function dereferences the pointer 'c' without checking if it is NULL. If 'c' is NULL and status is not REDIS_OK, the call to printf with c->errstr will cause a NULL pointer dereference, leading to a crash or undefined behavior.",LLM_ANALYSIS,31-37
examples\example-libhv.c,disconnectCallback,True,CWE-476,"[CWE-476] The function dereferences the pointer 'c' without checking if it is NULL. If 'c' is NULL and status is not REDIS_OK, the program will crash due to a null pointer dereference.",LLM_ANALYSIS,39-45
examples\example-libev.c,main,True,CWE-476,"[CWE-476] The function does not check if argv[argc-1] is valid (argc could be 0 or argv could be NULL), leading to potential null pointer dereference or out-of-bounds access. Also, the redisAsyncConnect return value is not checked for NULL before dereferencing c->err, which could cause a null pointer dereferf",LLM_ANALYSIS,35-54
examples\example-libevent-ssl.c,connectCallback,True,CWE-476,"[CWE-476] The function dereferences the pointer 'c' without checking if it is NULL. If 'c' is NULL, this will cause a NULL pointer dereference, leading to a crash or undefined behavior.",LLM_ANALYSIS,20-26
examples\example-libevent.c,connectCallback,True,CWE-476,"[CWE-476] The function dereferences the pointer 'c' without checking if it is NULL. If 'c' is NULL and status is not REDIS_OK, the call to printf with c->errstr will cause a NULL pointer dereference, leading to a crash or undefined behavior.",LLM_ANALYSIS,24-30
examples\example-libevent-ssl.c,main,True,CWE-125,"[CWE-125] The function does not validate the number of arguments before accessing argv[5] and argv[6]. It checks argc < 5, but then accesses argv[5] (certKey) and argv[6] (caCert) without ensuring they exist.",LLM_ANALYSIS,36-90
examples\example-libevent.c,getCallback,True,CWE-476,"[CWE-476] The function dereferences reply->str without checking if reply->str is NULL. If the reply is a NULL string (e.g., for a NULL reply type), this will cause a NULL pointer dereference, leading to a crash or undefined behavior.",LLM_ANALYSIS,10-22
examples\example-libhv.c,main,True,CWE-125,"[CWE-125] The function does not check if argc is at least 2 before accessing argv[argc-1], which can lead to an out-of-bounds read if argc is 0 or 1. Additionally, the return value of redisAsyncConnect is not checked for NULL before dereferencing c->err, which could cause a null pointer dereference if the con",LLM_ANALYSIS,47-70
examples\example-libevent.c,main,True,CWE-125,"[CWE-125] The function does not check if argc is at least 2 before accessing argv[argc-1], which can lead to an out-of-bounds read if argc is 0 or 1. Additionally, the return value of redisAsyncConnectWithOptions is not checked for NULL before dereferencing c->err, which could cause a null pointer dereference",LLM_ANALYSIS,40-67
examples\example-libhv.c,debugCallback,True,CWE-476,"[CWE-476] The function dereferences 'c' without checking if it is NULL. If 'c' is NULL, this will cause a NULL pointer dereference.",LLM_ANALYSIS,19-29
examples\example-libsdevent.c,debugCallback,True,CWE-476,"[CWE-476] The function dereferences the `c` pointer without checking if it is NULL. If `c` is NULL, this will cause a null pointer dereference.",LLM_ANALYSIS,10-20
examples\example-libsdevent.c,connectCallback,True,CWE-476,"[CWE-476] The function dereferences the pointer 'c' without checking if it is NULL. If 'c' is NULL and status is not REDIS_OK, the call to printf with c->errstr will cause a NULL pointer dereference, leading to a crash or undefined behavior.",LLM_ANALYSIS,34-40
examples\example-libsdevent.c,getCallback,True,CWE-476,"[CWE-476] The function dereferences 'reply->str' without checking if 'reply->str' is NULL. If the reply is a valid redisReply but its 'str' field is NULL (e.g., for an error reply or a NULL value), this will cause a NULL pointer dereference, leading to a crash or undefined behavior.",LLM_ANALYSIS,22-32
examples\example-macosx.c,getCallback,True,CWE-476,"[CWE-476] The function dereferences reply->str without checking if reply->str is NULL. If the Redis reply is an error or a nil reply, reply->str can be NULL, leading to a NULL pointer dereference in printf.",LLM_ANALYSIS,40-47
examples\example-macosx.c,connectCallback,True,CWE-476,"[CWE-476] The function dereferences the pointer 'c' without checking if it is NULL. If 'c' is NULL and status is not REDIS_OK, the call to printf with c->errstr will cause a NULL pointer dereference, leading to a crash or undefined behavior.",LLM_ANALYSIS,49-55
examples\example-libuv.c,disconnectCallback,True,CWE-476,"[CWE-476] The function dereferences the pointer 'c' without checking for NULL. If 'c' is NULL, this will cause a NULL pointer dereference, leading to a crash or undefined behavior.",LLM_ANALYSIS,42-48
examples\example-libuv.c,connectCallback,True,CWE-476,"[CWE-476] The function dereferences the pointer 'c' without checking if it is NULL. If 'c' is NULL and status is not REDIS_OK, the call to printf with c->errstr will cause a NULL pointer dereference, leading to a crash or undefined behavior.",LLM_ANALYSIS,34-40
examples\example-poll.c,getCallback,True,CWE-476,"[CWE-476] The function dereferences reply->str without checking if reply->str is NULL. If the Redis reply is an error or a nil reply, reply->str can be NULL, leading to a NULL pointer dereference in printf.",LLM_ANALYSIS,13-20
examples\example-libsdevent.c,disconnectCallback,True,CWE-476,"[CWE-476] The function dereferences the pointer 'c' without checking if it is NULL. If 'c' is NULL and status is not REDIS_OK, the program will attempt to read from a NULL pointer, leading to a NULL pointer dereference.",LLM_ANALYSIS,42-48
examples\example-libuv.c,debugCallback,False,,"The function dereferences the reply pointer without checking if it is NULL before using it. Although the code checks for NULL reply, the check is performed after the assignment 'redisReply *reply = r;' and the subsequent use of 'reply' in the printf statement.",LLM_ANALYSIS,10-20
examples\example-libsdevent.c,main,True,CWE-476,"[CWE-476] The function does not check the return value of sd_event_default() and redisAsyncConnect() before using them. If sd_event_default() fails, 'event' may be uninitialized, leading to undefined behavior.",LLM_ANALYSIS,50-86
examples\example-libuv.c,getCallback,True,CWE-476,"[CWE-476] The function dereferences 'reply->str' without checking if 'reply->str' is NULL. If the reply is a valid redisReply but its 'str' field is NULL (e.g., for an error reply or a NULL value), this will cause a NULL pointer dereference, leading to a crash or undefined behavior.",LLM_ANALYSIS,22-32
examples\example-macosx.c,disconnectCallback,True,CWE-476,"[CWE-476] The function dereferences the pointer 'c' without checking for NULL. If 'c' is NULL and status is not REDIS_OK, the code will attempt to access 'c->errstr', leading to a NULL pointer dereference.",LLM_ANALYSIS,57-64
examples\example-libuv.c,main,True,CWE-125,"[CWE-125] The function does not check if argc is at least 2 before accessing argv[argc-1]. If argc is 0 or 1, argv[argc-1] will be out of bounds, leading to undefined behavior or a crash.",LLM_ANALYSIS,50-81
examples\example-poll.c,disconnectCallback,True,CWE-476,"[CWE-476] The function dereferences the pointer 'c' without checking for NULL. If 'c' is NULL, this will cause a NULL pointer dereference, leading to a crash or denial of service.",LLM_ANALYSIS,32-40
examples\example-poll.c,connectCallback,True,CWE-476,"[CWE-476] The function dereferences the pointer 'c' without checking for NULL. If 'c' is NULL, this will cause a NULL pointer dereference, leading to a crash or undefined behavior.",LLM_ANALYSIS,22-30
examples\example-macosx.c,main,True,CWE-125,"[CWE-125] The function does not check if argc is at least 2 before accessing argv[argc-1], which can lead to an out-of-bounds read if argc is 0 or 1. Additionally, the return value of redisAsyncConnect is not checked for NULL before dereferencing c->err, which could cause a null pointer dereference if the API",LLM_ANALYSIS,66-93
examples\example-push.c,enableClientTracking,False,,"The function does not appear to contain a security vulnerability. It checks for NULL reply and connection errors, validates the reply type, and frees the reply object.",LLM_ANALYSIS,58-76
examples\example-redismoduleapi.c,debugCallback,False,,"The function dereferences the reply pointer without checking if it is NULL before using it. Although the code checks for NULL reply, the check is performed after the assignment 'redisReply *reply = r;' and the subsequent use of 'reply' in the printf statement.",LLM_ANALYSIS,10-20
examples\example-push.c,assertReplyAndFree,True,CWE-476,"[CWE-476] The function dereferences 'reply' after checking for NULL, which is safe. However, it uses 'reply->str' without checking if it is NULL when 'reply->type' is REDIS_REPLY_ERROR.",LLM_ANALYSIS,43-55
examples\example-redismoduleapi.c,connectCallback,True,CWE-476,"[CWE-476] The function dereferences the pointer 'c' without checking if it is NULL. If 'c' is NULL and status is not REDIS_OK, the call to printf with c->errstr will cause a NULL pointer dereference, leading to a crash or undefined behavior.",LLM_ANALYSIS,36-42
examples\example-redismoduleapi.c,disconnectCallback,True,CWE-476,"[CWE-476] The function dereferences the pointer 'c' without checking if it is NULL. If 'c' is NULL and status is not REDIS_OK, the program will crash due to a null pointer dereference.",LLM_ANALYSIS,44-50
examples\example-push.c,pushReplyHandler,True,CWE-125,"[CWE-125] The function dereferences reply->element[1]->element[0] without checking that reply->element[1] has at least one element. The check only verifies that reply->element[1] is an array, but not its length.",LLM_ANALYSIS,78-97
examples\example-poll.c,main,True,CWE-476,"[CWE-476] The function does not check if redisAsyncConnect returns NULL before dereferencing c->err, which can lead to a NULL pointer dereference if the connection fails. Additionally, the code uses argv[argc-1] without validating argc, which could lead to an out-of-bounds read if argc is 0.",LLM_ANALYSIS,42-62
examples\example-push.c,privdata_dtor,False,,"The function dereferences the privdata pointer without checking for NULL, which could lead to a NULL pointer dereference if privdata is NULL. However, this is a common pattern in callback functions where the caller is expected to provide valid data.",LLM_ANALYSIS,101-104
examples\example-push.c,main,True,CWE-758,"[CWE-758] The function does not return a value despite being declared as returning int, leading to undefined behavior. Additionally, the use of atoi() without validation can lead to unexpected behavior if the port argument is not a valid integer, but this is not a direct memory safety vulnerability.",LLM_ANALYSIS,106-159
examples\example-qt.cpp,main,False,,"The function accesses argv[argc-1] without checking if argc is greater than 0. If argc is 0 (which is possible in some environments, though uncommon), this would be an out-of-bounds read.",LLM_ANALYSIS,36-46
examples\example-redismoduleapi.c,getCallback,False,,"The function does not contain a security vulnerability. It checks for a NULL reply and handles it, and the printf usage is safe as it uses format specifiers.",LLM_ANALYSIS,22-34
examples\example-qt.cpp,getCallback,True,CWE-476,"[CWE-476] The function dereferences 'reply->str' without checking if 'reply->str' is NULL. According to the hiredis API, 'redisReply' fields such as 'str' can be NULL for certain reply types (e.g., integer, nil, error).",LLM_ANALYSIS,9-18
examples\example-ssl.c,main,True,CWE-476,"[CWE-476] The function does not check the return value of redisCommand() before dereferencing the reply pointer. If a command fails (e.g., due to a network error or server error), redisCommand() returns NULL, leading to a NULL pointer dereference.",LLM_ANALYSIS,12-112
examples\example.c,main,True,CWE-476,"[CWE-476] The function does not check the return value of redisCommand() before dereferencing the reply pointer. If the Redis server returns an error (e.g., due to a failed command), reply could be NULL, leading to a NULL pointer dereference.",LLM_ANALYSIS,58-145
examples\example-redismoduleapi.c,RedisModule_OnLoad,True,CWE-476,"[CWE-476] The function does not check the return value of RedisModule_StringPtrLen for NULL, which could lead to a NULL pointer dereference if argv[argc-1] is invalid. Additionally, the function does not validate argc before accessing argv[argc-1], which could cause an out-of-bounds read if argc is 0.",LLM_ANALYSIS,62-101
examples\example.c,example_argv_command,False,,"The function allocates argv and argvlen arrays of size (2 + n) and fills them correctly. The loop from i=2 to i<n+2 writes to indices 2 through n+1, which is within bounds.",LLM_ANALYSIS,10-56
